Feature Set,Features,Accuracy,F1 Score
All Features,15,0.9969999999999999,0.9969999379603214
Selected Features,3,0.9920000000000002,0.9919999166645834
