Feature Set,Features,Accuracy,F1 Score
All Features,15,0.9969999999999999,0.9969999379603214
Selected Features,5,0.9946666666666667,0.9946665722200463
